Most common words,GOT1 relative frequency,GOT2 relative frequency,Relative frequency difference
theon,0.002552867902665122,0.00020529952734449727,0.0023475683753206244
jaime,0.0006819718037852453,0.0027482141274070204,0.002066242323621775
said,0.00878114136732329,0.01060558694668278,0.0018244455793594884
renly,0.0017803688682889146,0.0003826036645965631,0.0013977652036923514
sam,0.0004888470451911935,0.0018336980510542597,0.0013448510058630663
bran,0.002619254538431827,0.0013344469277392322,0.0012848076106925948
stannis,0.0023416376979528775,0.0010918202136048264,0.001249817484348051
jon,0.0029391174198532253,0.004073329258448775,0.0011342118385955498
tyrion,0.004230639242950946,0.003112154198608629,0.0011184850443423174
snow,0.0005009173426033217,0.0016144008286635466,0.0011134834860602248
men,0.00454446697566628,0.0035694122367850092,0.0009750547388812708
wall,0.0012070297412128234,0.0020110021883063254,0.000803972447093502
mance,0.00015691386635766706,0.0009051842796552835,0.0007482704132976164
maester,0.0019915990730011587,0.0012457948591131994,0.0007458042138879593
gods,0.0018286500579374277,0.0011011520103023035,0.0007274980476351242
well,0.00400130359212051,0.004661232450389836,0.000659928858269326
yet,0.0018950366937041329,0.0012411289607644608,0.0006539077329396721
brother,0.0026313248358439552,0.001992338594911371,0.000638986240932584
great,0.002196794129007339,0.0015864054385711153,0.0006103886904362235
walls,0.001394119351100811,0.0007838709225880805,0.0006102484285127306
stark,0.0017320876786404017,0.001152476892138428,0.0005796107865019737
wedding,0.00012070297412128235,0.0006998847523107862,0.0005791817781895038
lem,0.0,0.0005739054968948447,0.0005739054968948447
bloody,0.0005974797219003476,0.0011711404855333821,0.0005736607636330346
back,0.004049584781769023,0.004609907568553712,0.0005603227867846889
though,0.0017924391657010428,0.0023422809710667643,0.0005498418053657215
varys,0.0009475183468520664,0.0004012672579915174,0.0005462510888605491
sea,0.0011104673619157976,0.0005739054968948447,0.0005365618650209529
sansa,0.0018829663962920047,0.0024169353446465815,0.0005339689483545768
could,0.005624758594051757,0.006154319921986179,0.0005295613279344222
wench,9.656237929702588e-05,0.0006112326836847532,0.0005146703043877273
hot,0.0012673812282734647,0.0007652073291931262,0.0005021738990803386
dany,0.0010621861722672848,0.0015630759468274224,0.0005008897745601376
oberyn,6.035148706064117e-06,0.0004899193266175503,0.0004838841779114862
know,0.0027640981073773657,0.003242799352373309,0.00047870124499594345
end,0.0013820490536886828,0.0009051842796552835,0.00047686477403339935
ygritte,0.00015087871765160293,0.000625230378730969,0.000474351661079366
lords,0.000977694090382387,0.000503917021663766,0.00047377706871862095
might,0.002214899575125531,0.0026782256521759415,0.00046332607705041034
big,0.0006276554654306683,0.0010871543152560878,0.0004594988498254196
beric,9.052723059096177e-05,0.0005459101068024132,0.00045538287621145143
city,0.0011406431054461182,0.0006858870572645704,0.0004547560481815478
must,0.0024080243337195827,0.001959677306470201,0.00044834702724938155
tyrell,0.00030175743530320585,0.0007418778374494333,0.00044012040214622746
unsullied,0.0,0.00043392854643268744,0.00043392854643268744
tom,3.6210892236384704e-05,0.00046658983487385744,0.0004303789426374727
green,0.0012553109308613365,0.0008305299060754663,0.00042478102478587024
grenn,0.00010863267670915411,0.0005272465134074589,0.0004186138366983048
wildlings,0.0002776168404789494,0.0006952188539620476,0.0004176020134830982
water,0.0015208574739281576,0.0011104838069997808,0.0004103736669283768
wife,0.0005371282348397065,0.0009471773647939306,0.00041004912995422414
joffrey,0.0017200173812282735,0.0013204492326930166,0.0003995681485352569
margaery,0.00012070297412128235,0.0005132488183612431,0.0003925458442399608
arya,0.0027580629586713016,0.0023656104628104573,0.0003924524958608443
good,0.002057985708767864,0.0024402648363902745,0.0003822791276224106
winterfell,0.0013820490536886828,0.0010031681449787935,0.0003788809087098893
thoros,2.414059482425647e-05,0.0004012672579915174,0.0003771266631672609
wood,0.0008147450753186559,0.000438594444781426,0.0003761506305372299
way,0.0025226921591348012,0.0021509791387684827,0.0003717130203663185
took,0.0018890015449980688,0.00225829480078947,0.0003692932557914012
clegane,0.00029572228659714174,0.0006625575655208776,0.0003668352789237358
ice,0.00023537079953650058,0.0006019008869872761,0.0003665300874507755
tormund,0.0,0.0003639400712016088,0.0003639400712016088
seven,0.0005371282348397065,0.0008958524829578063,0.0003587242481180998
man,0.00546784472769409,0.005113824590217478,0.0003540201374766126
lysa,0.0002112302047122441,0.0005645737001973675,0.0003533434954851234
hound,0.00044056585554268056,0.0007932027192855577,0.0003526368637428771
gilly,3.0175743530320587e-05,0.0003826036645965631,0.0003524279210662425
turned,0.0013820490536886828,0.001731048287382011,0.00034899923369332815
help,0.0009414831981460023,0.0005925690902897989,0.00034891410785620343
going,0.0005612688296639629,0.000909850178004022,0.0003485813483400591
petyr,0.0002414059482425647,0.0005879031919410603,0.00034649724369849565
lady,0.0026313248358439552,0.0029768431464952103,0.0003455183106512551
almost,0.0007302529934337582,0.0010731566202098722,0.00034290362677611395
sword,0.0015570683661645423,0.0018990206279365998,0.00034195226177205756
see,0.003391753572808034,0.0030514975200750276,0.0003402560527330065
qhorin,0.0005431633835457706,0.00020529952734449727,0.00033786385620127333
father,0.0029451525685592894,0.003280126539163218,0.0003349739706039285
astapor,1.2070297412128235e-05,0.0003452764778066545,0.00033320618039452626
robb,0.0014424005407493242,0.0017730413725206584,0.0003306408317713342
storm,0.0008147450753186559,0.00048525342826881174,0.00032949164704984416
bear,0.000772499034376207,0.001096486111953565,0.0003239870775773579
lannister,0.0013820490536886828,0.0010591589251636563,0.0003228901285250265
house,0.001134607956740054,0.000811866312680512,0.0003227416440595421
catelyn,0.0017924391657010428,0.001469757979852651,0.0003226811858483918
head,0.0022269698725376594,0.0025475804984112617,0.00032061062587360233
queen,0.001635525299343376,0.001315783334344278,0.0003197419649990979
looked,0.00143636539204326,0.001754377779125704,0.0003180123870824439
huge,0.0002655465430668212,0.0005832372935923218,0.0003176907505255006
ships,0.0005612688296639629,0.0002472926124831444,0.0003139762171808185
mother,0.00112857280803399,0.0014417625897602195,0.0003131897817262295
still,0.0021243723445345695,0.0024355989380415357,0.0003112265935069662
three,0.0017320876786404017,0.002038997578398757,0.00030690989975835545
magnar,0.0,0.0003032833926680073,0.0003032833926680073
across,0.001490681730397837,0.0011898040789283366,0.0003008776514695005
maybe,0.00036210892236384707,0.0006625575655208776,0.0003004486431570305
much,0.001544998068752414,0.0018430298477517368,0.00029803177899932276
get,0.0010018346852066434,0.0012971197409493236,0.00029528505574268017
woman,0.0011949594438006952,0.0014884215732476052,0.00029346212944691
cold,0.0008147450753186559,0.001105817908651042,0.00029107283333238614
noye,3.6210892236384704e-05,0.00032661288441170023,0.0002904019921753155
tywin,0.00071818269602163,0.001007834043327532,0.00028965134730590206
black,0.0030658555426805716,0.0027762095174994517,0.00028964602518111995
summer,0.0006940421011973735,0.000405933156340256,0.0002881089448571175
kevan,5.4316338354577056e-05,0.00034061057945791593,0.0002862942411033389
merrett,3.6210892236384704e-05,0.0003219469860629616,0.0002857360938265769
aunt,0.0,0.000284619799273053,0.000284619799273053
husband,0.00014484356894553882,0.00042926264808394884,0.00028441907913841
gregor,0.0001750193124758594,0.00045259213982764174,0.00027757282735178237
outlaws,1.2070297412128235e-05,0.0002892856976217916,0.0002772154002096634
anguy,0.0,0.00027528800257557587,0.00027528800257557587
iron,0.0010983970645036694,0.0008258640077267276,0.0002725330567769418
pie,0.0008026747779065276,0.0005319124117561974,0.00027076236615033013
two,0.001961423329470838,0.0022302994106970387,0.0002688760812262006
slave,3.0175743530320587e-05,0.0002986174943192688,0.00026844175078894817
prince,0.0008328505214368482,0.0011011520103023035,0.00026830148886545526
cersei,0.0013820490536886828,0.0011151497053485194,0.0002668993483401635
arm,0.0005733391270760912,0.0008398617027729434,0.0002665225756968522
asked,0.0014061896485129393,0.0016703916088484096,0.00026420196033547037
talk,0.0006457609115488606,0.0003826036645965631,0.0002631572469522975
paul,0.0,0.00026129030752936017,0.00026129030752936017
arrow,0.00016898416376979529,0.00042926264808394884,0.0002602784843141535
chett,6.63866357667053e-05,0.00032661288441170023,0.0002602262486449949
harwin,6.035148706064117e-06,0.0002659562058780987,0.0002599210571720346
command,0.0006517960602549247,0.00039193546129404023,0.00025986059896088447
littlefinger,0.0005069524913093858,0.0002472926124831444,0.0002596598788262414
pyp,3.0175743530320587e-05,0.0002892856976217916,0.000259109954091471
cloaks,0.0006276554654306683,0.0003686059695503474,0.0002590494958803209
jorah,0.00040435496330629584,0.0006625575655208776,0.0002582026022145817
commander,0.0003681440710699112,0.000625230378730969,0.0002570863076610578
rayder,0.00010259752800309,0.00035927417285287023,0.00025667664484978024
wed,0.0003500386249517188,0.0006065667853360146,0.00025652816038429586
brothers,0.0008871668597914252,0.001138479197092212,0.00025131233730078687
ghost,0.0005491985322518347,0.0002986174943192688,0.00025058103793256593
brienne,0.0006457609115488606,0.0008958524829578063,0.0002500915714089457
little,0.0019433178833526458,0.00219297222390713,0.0002496543405544841
killed,0.0007604287369640788,0.001007834043327532,0.0002474053063634533
afraid,0.00045263615295480883,0.00020529952734449727,0.00024733662561031157
fool,0.000875096562379297,0.0006298962770797075,0.0002452002852995895
say,0.001967458478176902,0.002211635817302084,0.00024417733912518187
stand,0.0002414059482425647,0.00048525342826881174,0.00024384748002624705
door,0.001074256469679413,0.0008305299060754663,0.0002437265636039467
kraznys,0.0,0.00024262671413440587,0.00024262671413440587
make,0.001967458478176902,0.0017263823890332724,0.00024107608914362977
gave,0.0015570683661645423,0.001796370864264351,0.00023930249809980884
brave,0.0003440034762456547,0.0005832372935923218,0.00023923381734666712
thenns,0.0,0.0002379608157856673,0.0002379608157856673
rain,0.00033796832753959057,0.0005739054968948447,0.00023593716935525413
satin,7.242178447276941e-05,0.00030794929101674593,0.00023552750654397652
jeyne,6.035148706064117e-05,0.0002939515959705302,0.00023360010890988901
jarl,0.0,0.00023329491743692872,0.00023329491743692872
girl,0.0015812089609887987,0.001348444622785448,0.00023276433820335063
belwas,0.00010863267670915411,0.00034061057945791593,0.00023197790274876183
edmure,0.0003802143684820394,0.0006112326836847532,0.0002310183152027138
balon,0.0004828118964851294,0.000251958510831883,0.00023085338565324636
kill,0.00071818269602163,0.0009471773647939306,0.0002289946687723006
yunkai,6.035148706064117e-06,0.00023329491743692872,0.0002272597687308646
beneath,0.0011406431054461182,0.0013671082161804023,0.00022646511073428407
dozen,0.0003802143684820394,0.0006065667853360146,0.00022635241685397525
aemon,0.0002474410969486288,0.000471255733222596,0.00022381463627396718
taken,0.0008630262649671688,0.0006392280737771847,0.00022379819118998408
another,0.0012432406334492083,0.0014650920815039124,0.00022185144805470414
whitebeard,3.0175743530320587e-05,0.000251958510831883,0.00022178276730156244
wildling,0.00019915990730011587,0.0004199308513864717,0.00022077094408635582
fist,0.0002474410969486288,0.00046658983487385744,0.00021914873792522864
top,0.00021726535341830822,0.00043392854643268744,0.00021666319301437921
sandor,0.00011466782541521824,0.0003312787827604388,0.00021661095734522054
may,0.0011768539976825029,0.0009611750598401463,0.00021567893784235658
baratheon,0.0005793742757821553,0.0003639400712016088,0.00021543420458054648
kingsguard,0.0002655465430668212,0.00048058752992007314,0.00021504098685325195
step,0.00020519505600618,0.0004199308513864717,0.00021473579538029168
brown,0.00045263615295480883,0.0006672234638696161,0.00021458731091480727
guards,0.0005733391270760912,0.00035927417285287023,0.00021406495422322092
died,0.0006819718037852453,0.0008958524829578063,0.00021388067917256102
lightning,2.414059482425647e-05,0.0002379608157856673,0.00021382022096141083
take,0.002009704519119351,0.001796370864264351,0.00021333365485499988
power,0.0004224604094244882,0.00020996542569323584,0.00021249498373125238
slaves,3.0175743530320587e-05,0.00024262671413440587,0.0002124509706040853
lost,0.0008147450753186559,0.0010264976367224863,0.00021175256140383038
giant,0.0001388084202394747,0.0003499423761553931,0.00021113395591591837
smoke,0.0004767767477790653,0.0002659562058780987,0.00021082054190096655
bolton,0.00042849555813055234,0.0006392280737771847,0.00021073251564663237
meereen,1.8105446118192352e-05,0.00022862901908819014,0.00021052357296999779
feast,0.0002474410969486288,0.0004572580381763803,0.00020981694122775149
raised,0.0006759366550791811,0.00046658983487385744,0.0002093468202053237
eddard,0.00042849555813055234,0.000219297222390713,0.00020919833573983934
never,0.0033676129779837776,0.003158813182096015,0.00020879979588776278
son,0.0018165797605252994,0.0020249998833525413,0.00020842012282724183
arstan,4.828118964851294e-05,0.00025662440918062157,0.00020834321953210863
second,0.00039831981460023173,0.0006065667853360146,0.00020824697073578292
god,0.0004224604094244882,0.00021463132404197442,0.0002078290853825138
wanted,0.0009173426033217459,0.0011244815020459964,0.00020713889872425056
lothar,3.6210892236384704e-05,0.00024262671413440587,0.00020641582189802115
fingers,0.001074256469679413,0.0008678570928653749,0.0002063993768140381
frey,0.0005310930861336424,0.0007372119391006948,0.00020611885296705238
axell,6.035148706064117e-05,0.0002659562058780987,0.00020560471881745756
greyjoy,0.00044660100424874467,0.00024262671413440587,0.0002039742901143388
marsh,6.035148706064117e-06,0.00020996542569323584,0.00020393027698717173
smell,0.0005854094244882194,0.0003826036645965631,0.0002028057598916563
children,0.0006336906141367324,0.0008351958044242048,0.00020150519028747245
daario,0.0,0.0002006336289957587,0.0002006336289957587
steel,0.0008811317110853611,0.0006812211589158319,0.00019991055216952926
spears,0.00016898416376979529,0.0003686059695503474,0.0001996218057805521
old,0.002927047122441097,0.0031261518936548448,0.00019910477121374767
line,0.00040435496330629584,0.00020529952734449727,0.00019905543596179857
axe,0.0004767767477790653,0.0002799539009243145,0.0001968228468547508
sent,0.0010923619157976053,0.0008958524829578063,0.00019650943283979904
helm,0.0005129876400154499,0.0003172810877142231,0.00019570655230122686
arrows,0.0002112302047122441,0.000405933156340256,0.00019470295162801187
host,0.00040435496330629584,0.00020996542569323584,0.00019438953761306
donal,1.2070297412128235e-05,0.00020529952734449727,0.00019322922993236905
instead,0.0003440034762456547,0.0005365783101049361,0.00019257483385928142
knights,0.00071818269602163,0.0005272465134074589,0.00019093618261417113
harrenhal,0.0006940421011973735,0.000503917021663766,0.00019012507953360743
says,0.00046470645036693705,0.00027528800257557587,0.00018941844779136118
third,0.00022330050212437233,0.00041059905468899453,0.0001872985525646222
keep,0.001544998068752414,0.0013577764194829252,0.00018722164926948887
river,0.0006819718037852453,0.0008678570928653749,0.00018588528908012963
commanded,0.0005310930861336424,0.0003452764778066545,0.0001858166083269879
leg,0.0002715816917728853,0.0004572580381763803,0.000185676346403495
lannisters,0.0004888470451911935,0.0003032833926680073,0.00018556365252318617
five,0.00031382773271533413,0.0004992511233150275,0.00018542339059969337
enough,0.00164156044804944,0.0018243662543567826,0.00018280580630734258
least,0.0003681440710699112,0.0005505760051511517,0.00018243193408124057
six,0.0002474410969486288,0.00042926264808394884,0.00018182155113532003
stump,4.224604094244882e-05,0.00022396312073945157,0.00018171707979700274
robert,0.0011466782541521823,0.0009658409581888849,0.00018083729596329737
marry,0.00010863267670915411,0.0002892856976217916,0.00018065302091263753
wolf,0.000875096562379297,0.0006952188539620476,0.0001798777084172494
gates,0.0004767767477790653,0.0002986174943192688,0.0001781592534597965
hundred,0.0009656237929702588,0.0011431450954409506,0.00017752130247069187
duty,0.00012673812282734646,0.0003032833926680073,0.00017654526984066087
made,0.002842555040556199,0.0030188362316338575,0.0001762811910776584
tell,0.0016717361915797606,0.0018476957461004753,0.00017595955452071477
yard,0.0004828118964851294,0.00030794929101674593,0.00017486260546838346
fair,0.00015691386635766706,0.0003312787827604388,0.00017436491640277171
free,0.0005733391270760912,0.0007465437357981719,0.0001732046087220807
singer,0.00016294901506373117,0.0003359446811091774,0.0001729956660454462
gift,0.00016898416376979529,0.00034061057945791593,0.00017162641568812064
followed,0.0004888470451911935,0.0003172810877142231,0.00017156595747697042
boat,9.656237929702588e-05,0.0002659562058780987,0.00016939382658107284
dragon,0.0003681440710699112,0.0005365783101049361,0.00016843423903502492
aye,0.0002655465430668212,0.00043392854643268744,0.00016838200336586625
boys,0.0004948821938972576,0.00032661288441170023,0.00016826930948555738
battle,0.0011527134028582464,0.0009845045515838391,0.0001682088512744073
floor,0.0003500386249517188,0.0005179147167099818,0.000167876091758263
found,0.0012553109308613365,0.0014230989963652653,0.00016778806550392877
golden,0.0005914445731942835,0.0004245967497352103,0.0001668478234590732
loras,0.0002112302047122441,0.00037793776624782453,0.00016670756153558042
home,0.0005069524913093858,0.00034061057945791593,0.0001663419118514699
nose,0.00033796832753959057,0.000503917021663766,0.00016594869412417547
dorne,0.0001327732715334106,0.0002986174943192688,0.00016584422278585818
till,7.242178447276941e-05,0.0002379608157856673,0.0001655390313128979
kiss,0.00021726535341830822,0.0003826036645965631,0.00016533831117825486
giants,0.00011466782541521824,0.0002799539009243145,0.00016528607550909624
cut,0.0006095500193124758,0.0007745391258906034,0.00016498910657812755
half,0.0017019119351100811,0.0018663593394954298,0.00016444740438534863
passed,0.00047074159907300117,0.00030794929101674593,0.00016279230805625524
named,0.00042849555813055234,0.0002659562058780987,0.00016253935225245362
side,0.0009173426033217459,0.0007558755324956491,0.00016146707082609682
stood,0.0010018346852066434,0.001161808688835905,0.00015997400362926162
mountain,0.0002414059482425647,0.0004012672579915174,0.0001598613097489527
open,0.0007845693317883352,0.000625230378730969,0.0001593389530573663
standing,0.00016294901506373117,0.0003219469860629616,0.00015899797099923045
find,0.0010682213209733489,0.0012271312657182452,0.0001589099447448963
send,0.000669901506373117,0.0005132488183612431,0.0001566526880118739
warm,0.0002776168404789494,0.00043392854643268744,0.00015631170595373803
amongst,7.242178447276941e-05,0.00022862901908819014,0.00015620723461542074
guard,0.0004828118964851294,0.00032661288441170023,0.00015619901207342916
tongue,0.00042849555813055234,0.0005832372935923218,0.00015474173546176946
grace,0.00112857280803399,0.001283122045903108,0.00015454923786911798
meera,0.0003681440710699112,0.0005225806150587203,0.00015443654398880917
began,0.0004767767477790653,0.0006298962770797075,0.00015311952930064222
thick,0.000519022788721514,0.0006718893622183548,0.0001528665734968407
trident,0.0002112302047122441,0.0003639400712016088,0.00015270986648936467
fat,0.0003560737736577829,0.0005085829200125046,0.0001525091463547217
called,0.0014725762842796447,0.0013204492326930166,0.00015212705158662815
frozen,0.00011466782541521824,0.0002659562058780987,0.00015128838046288049
filled,0.00044056585554268056,0.0002892856976217916,0.00015128015792088893
beside,0.0009957995365005793,0.0008445276011216819,0.0001512719353788974
pay,0.00019915990730011587,0.0003499423761553931,0.00015078246885527721
kissed,0.00019915990730011587,0.0003499423761553931,0.00015078246885527721
nine,0.0001388084202394747,0.0002892856976217916,0.00015047727738231692
bronze,0.0001388084202394747,0.0002892856976217916,0.00015047727738231692
melisandre,0.0002836519891850135,0.00043392854643268744,0.00015027655724767392
westeros,0.00012070297412128235,0.0002706221042268373,0.00014991913010555498
ought,0.00043453070683661645,0.000284619799273053,0.00014991090756356342
words,0.00071818269602163,0.0008678570928653749,0.00014967439684374485
walder,0.0006397257628427965,0.0007885368209368191,0.00014881105809402264
think,0.001484646581691773,0.001633064422058501,0.0001484178403667281
tully,0.0002112302047122441,0.00035927417285287023,0.00014804396814062612
die,0.0007061123986095017,0.0008538593978191591,0.00014774699920965743
look,0.001695876786404017,0.0018430298477517368,0.00014715306134771978
jojen,0.0003802143684820394,0.0005272465134074589,0.0001470321449254195
rhaegar,0.00015691386635766706,0.0003032833926680073,0.00014636952631034026
boy,0.0022269698725376594,0.0020809906635374043,0.0001459792090002551
near,0.0006216203167246041,0.0004759216315713346,0.00014569868515326956
soon,0.0007483584395519506,0.0008911865846090677,0.00014282814505711715
north,0.0007906044804943993,0.0009331796697477149,0.00014257518925331553
aerys,0.00021726535341830822,0.00035927417285287023,0.000142008819434562
short,0.000259511394360757,0.0004012672579915174,0.00014175586363076036
sweet,0.0009113074546156818,0.0007698732275418648,0.00014143422707381696
banners,0.0003741792197759753,0.00023329491743692872,0.00014088430233904657
swords,0.0005310930861336424,0.0006718893622183548,0.00014079627608471238
goat,0.00012070297412128235,0.00026129030752936017,0.00014058733340807783
dream,0.00043453070683661645,0.0002939515959705302,0.00014057911086608627
empty,0.0005371282348397065,0.00039660135964277883,0.00014052687519692766
cannot,0.0003500386249517188,0.0004899193266175503,0.0001398807016658315
bird,0.00041039011201236,0.0002706221042268373,0.00013976800778552268
cell,0.00018708960988798764,0.00032661288441170023,0.00013952327452371259
legs,0.00043453070683661645,0.0005739054968948447,0.00013937479005822826
want,0.0016294901506373118,0.0017683754741719196,0.0001388853235346078
mouth,0.0009716589416763229,0.0011104838069997808,0.00013882486532345792
nothing,0.0013518733101583623,0.0012131335706720293,0.00013873973948633298
burning,0.0005069524913093858,0.0003686059695503474,0.00013834652175903845
wish,0.00033796832753959057,0.0004759216315713346,0.00013795330403174402
one,0.007103370027037466,0.0069661862346666915,0.00013718379237077482
mad,0.00019915990730011587,0.0003359446811091774,0.00013678477380906152
course,0.0001388084202394747,0.00027528800257557587,0.00013647958233610117
please,0.00042849555813055234,0.0005645737001973675,0.00013607814206681516
ears,0.00046470645036693705,0.0003312787827604388,0.00013342766760649828
return,0.00046470645036693705,0.0003312787827604388,0.00013342766760649828
hill,0.00021726535341830822,0.0003499423761553931,0.00013267702273708486
certain,0.0007061123986095017,0.0005739054968948447,0.000132206901714657
realm,0.0004164252607184241,0.000284619799273053,0.0001318054614453711
horse,0.0012915218230977212,0.0014230989963652653,0.0001315771732675441
saying,0.00018105446118192353,0.0003126151893654845,0.00013156072818356094
tears,0.00018105446118192353,0.0003126151893654845,0.00013156072818356094
stones,0.0003741792197759753,0.00024262671413440587,0.00013155250564156942
came,0.0021364426419466977,0.002006336289957587,0.00013010635198911066
rest,0.0007785341830822711,0.0006485598704746618,0.00012997431260760933
done,0.0012613460795674006,0.0013904377079240952,0.0001290916283566946
salt,0.00036210892236384707,0.00023329491743692872,0.00012881400492691835
greatjon,9.052723059096177e-05,0.000219297222390713,0.00012876999179975123
heard,0.001593279258400927,0.001721716490684534,0.00012843723228360697
death,0.0006276554654306683,0.0004992511233150275,0.00012840434211564076
mud,0.0003802143684820394,0.000251958510831883,0.00012825585765015638
caught,0.0004224604094244882,0.0005505760051511517,0.00012811559572666352
twins,0.00015691386635766706,0.000284619799273053,0.00012770593291538596
seat,0.00039831981460023173,0.0002706221042268373,0.0001276977103733944
shae,0.00045867130166087294,0.0003312787827604388,0.00012739251890043417
ran,0.0006638663576670529,0.0005365783101049361,0.00012728804756211682
upon,0.0005914445731942835,0.0007185483457057405,0.00012710377251145698
song,0.0003862495171881035,0.0005132488183612431,0.00012699930117313963
stupid,0.00032589803012746235,0.00045259213982764174,0.0001266941097001794
ever,0.001339803012746234,0.0012131335706720293,0.00012666944207420476
beyond,0.0005974797219003476,0.000471255733222596,0.0001262239886777516
love,0.00071818269602163,0.0005925690902897989,0.00012561360573183113
heavy,0.0005371282348397065,0.0006625575655208776,0.00012542933068117107
white,0.001544998068752414,0.0016703916088484096,0.0001253935400959956
casterly,0.00022933565083043647,0.00035460827450413163,0.00012527262367369516
hard,0.0012915218230977212,0.0011664745871846436,0.00012504723591307758
burned,0.0005431633835457706,0.0006672234638696161,0.0001240600803238455
kingslayer,0.00019915990730011587,0.0003219469860629616,0.00012278707876284576
dragons,0.0005491985322518347,0.0006718893622183548,0.00012269082996652005
loose,0.00018105446118192353,0.0003032833926680073,0.0001222289314860838
folk,0.00016294901506373117,0.000284619799273053,0.00012167078420932185
reached,0.0006578312089609888,0.0005365783101049361,0.00012125289885605271
dreams,0.0003681440710699112,0.0002472926124831444,0.00012085145858676676
hair,0.0010923619157976053,0.0012131335706720293,0.00012077165487442399
forward,0.00033193317883352646,0.00045259213982764174,0.00012065896099411528
blackwater,0.0002112302047122441,0.0003312787827604388,0.00012004857804819466
eyrie,9.052723059096177e-05,0.00020996542569323584,0.00011943819510227408
riverrun,0.0005431633835457706,0.0006625575655208776,0.00011939418197510696
cup,0.0005854094244882194,0.00046658983487385744,0.00011881958961436193
walked,0.00031986288142139824,0.000438594444781426,0.00011873156336002775
friends,0.00021726535341830822,0.0003359446811091774,0.00011867932769086916
choice,0.00021726535341830822,0.0003359446811091774,0.00011867932769086916
carried,0.00033796832753959057,0.000219297222390713,0.00011867110514887758
horses,0.0008509559675550406,0.0007325460407519562,0.00011840992680308435
mallister,9.656237929702588e-05,0.00021463132404197442,0.00011806894474494854
protect,0.0001388084202394747,0.00025662440918062157,0.00011781598894114686
something,0.0008388856701429123,0.0009565091614914077,0.00011762349134849539
heads,0.0003741792197759753,0.00025662440918062157,0.00011755481059535372
wise,0.00012070297412128235,0.0002379608157856673,0.00011725784166438495
rode,0.0007423232908458865,0.000625230378730969,0.00011709291211491751
yellow,0.00030779258400926996,0.0004245967497352103,0.00011680416572594032
captive,0.00020519505600618,0.0003219469860629616,0.00011675193005678162
maiden,0.00010259752800309,0.000219297222390713,0.00011669969438762299
shadow,0.0005552336809578988,0.000438594444781426,0.00011663923617647283
pink,0.00018708960988798764,0.0003032833926680073,0.00011619378278001968
fit,0.00012673812282734646,0.00024262671413440587,0.00011588859130705941
dark,0.0011466782541521823,0.001031163535071225,0.00011551471908095726
king,0.004930716492854384,0.004815207095898209,0.00011550939695617515
marriage,0.00015087871765160293,0.0002659562058780987,0.0001150774882264958
road,0.0001750193124758594,0.0002892856976217916,0.00011426638514593223
night,0.002106266898416377,0.001992338594911371,0.00011392830350500597
rose,0.0006457609115488606,0.0005319124117561974,0.00011384849979266315
doubt,0.00036210892236384707,0.0004759216315713346,0.00011381270920748752
moon,0.00045867130166087294,0.0003452764778066545,0.00011339482385421847
stone,0.0012191000386249516,0.001105817908651042,0.0001132821299739096
field,0.00033193317883352646,0.000219297222390713,0.00011263595644281347
truly,0.00043453070683661645,0.0003219469860629616,0.00011258372077365482
work,0.00043453070683661645,0.0003219469860629616,0.00011258372077365482
trying,0.0002655465430668212,0.00037793776624782453,0.00011239122318100334
among,0.0003500386249517188,0.0002379608157856673,0.0001120778091660515
less,0.00045263615295480883,0.00034061057945791593,0.0001120255734968929
eight,0.0002474410969486288,0.00035927417285287023,0.00011183307590424143
knew,0.0016053495558130551,0.0017170505923357953,0.0001117010365227402
truth,0.000567303978370027,0.0004572580381763803,0.00011004594019364675
use,0.0004224604094244882,0.0003126151893654845,0.00010984522005900375
wolves,0.0005250579374275783,0.00041526495303773314,0.00010979298438984513
wants,0.0003560737736577829,0.0002472926124831444,0.00010878116117463848
dagger,0.0002836519891850135,0.00039193546129404023,0.00010828347210902671
hands,0.001188924295094631,0.0012971197409493236,0.00010819544585469252
twenty,0.00033193317883352646,0.00022396312073945157,0.00010797005809407489
born,0.0002655465430668212,0.00037327186789908593,0.00010772532483226474
sister,0.0011527134028582464,0.0010451612301174407,0.00010755217274080573
safe,0.0005552336809578988,0.00044792624147890314,0.00010730743947899568
taste,0.00041039011201236,0.0003032833926680073,0.00010710671934435268
call,0.0006759366550791811,0.000569239598546106,0.0001066970565330751
beard,0.00033193317883352646,0.000438594444781426,0.00010666126594789953
deep,0.0004767767477790653,0.0005832372935923218,0.00010646054581325652
blue,0.0006336906141367324,0.0005272465134074589,0.00010644410072927347
besides,0.00016898416376979529,0.00027528800257557587,0.00010630383880578059
pulled,0.0005612688296639629,0.0006672234638696161,0.00010595463420565317
bed,0.0007543935882580147,0.0006485598704746618,0.00010583371778335288
service,0.00031986288142139824,0.00021463132404197442,0.00010523155737942382
freys,0.0001327732715334106,0.0002379608157856673,0.0001051875442522567
trees,0.0005854094244882194,0.000690552955613309,0.00010514353112508958
dwarf,0.00031986288142139824,0.0004245967497352103,0.00010473386831381205
seemed,0.0013035921205098494,0.0011991358756258137,0.00010445624488403574
seem,0.00045867130166087294,0.00035460827450413163,0.00010406302715674132
lie,0.00030779258400926996,0.00041059905468899453,0.00010280647067972457
others,0.0010078698339127075,0.0009051842796552835,0.00010268555425742407
lad,0.00014484356894553882,0.0002472926124831444,0.0001024490435376056
hand,0.0030055040556199305,0.0031074883002598906,0.00010198424463996004
kind,0.00022933565083043647,0.0003312787827604388,0.0001019431319300023
try,0.0002715816917728853,0.00037327186789908593,0.00010169017612620063
loved,0.00040435496330629584,0.0003032833926680073,0.00010107157063828852
tired,0.0001327732715334106,0.00023329491743692872,0.00010052164590351813
attack,0.00011466782541521824,0.00021463132404197442,9.996349862675618e-05
coming,0.0005069524913093858,0.0006065667853360146,9.961429402662882e-05
yes,0.0010018346852066434,0.0011011520103023035,9.931732509566005e-05
fought,0.0002414059482425647,0.00034061057945791593,9.920463121535124e-05
bright,0.0004164252607184241,0.0003172810877142231,9.914417300420104e-05
shoulder,0.00042849555813055234,0.0005272465134074589,9.875095527690656e-05
however,0.00012070297412128235,0.000219297222390713,9.859424826943065e-05
fell,0.0005733391270760912,0.0006718893622183548,9.855023514226361e-05
kings,0.0002655465430668212,0.0003639400712016088,9.839352813478759e-05
first,0.0015208574739281576,0.0016190667270122854,9.82092530841278e-05
mercy,0.00020519505600618,0.0003032833926680073,9.808833666182732e-05
hoster,0.00014484356894553882,0.00024262671413440587,9.778314518886705e-05
believe,0.0005733391270760912,0.0004759216315713346,9.741749550475656e-05
ahead,0.00032589803012746235,0.00022862901908819014,9.72690110392722e-05
bronn,0.0005310930861336424,0.00043392854643268744,9.716453970095494e-05
young,0.0007664638856701429,0.0008631911945166362,9.672730884649331e-05
fear,0.0008147450753186559,0.0007185483457057405,9.619672961291544e-05
ones,0.00023537079953650058,0.0003312787827604388,9.59079832239382e-05
twisted,0.00023537079953650058,0.0003312787827604388,9.59079832239382e-05
south,0.0005250579374275783,0.00042926264808394884,9.579528934362943e-05
close,0.0007302529934337582,0.0006345621754284462,9.569081800531209e-05
wondered,0.0004224604094244882,0.0005179147167099818,9.545430728549357e-05
chest,0.00031986288142139824,0.00041526495303773314,9.54020716163349e-05
ship,0.00039831981460023173,0.0003032833926680073,9.50364219322244e-05
dead,0.0019795287755890304,0.001885022932890384,9.450584269864648e-05
window,0.00030779258400926996,0.00021463132404197442,9.316125996729555e-05
bones,0.00041039011201236,0.0003172810877142231,9.310902429813693e-05
shield,0.0003741792197759753,0.00046658983487385744,9.241061509788215e-05
liked,0.0004888470451911935,0.00039660135964277883,9.224568554841466e-05
common,0.0003440034762456547,0.000251958510831883,9.204496541377166e-05
different,0.00044660100424874467,0.00035460827450413163,9.199272974461304e-05
slain,0.00031986288142139824,0.00022862901908819014,9.12338623332081e-05
sit,0.00031986288142139824,0.00022862901908819014,9.12338623332081e-05
sworn,0.0002776168404789494,0.0003686059695503474,9.098912907139797e-05
lifted,0.0003802143684820394,0.0002892856976217916,9.092867086024777e-05
captain,0.0004828118964851294,0.00039193546129404023,9.087643519108915e-05
sun,0.00046470645036693705,0.0005552419034998904,9.053545313295335e-05
reminded,0.000259511394360757,0.0003499423761553931,9.043098179463605e-05
rock,0.0006095500193124758,0.0006998847523107862,9.033473299831034e-05
wet,0.0003440034762456547,0.00043392854643268744,8.992507018703276e-05
knife,0.0002414059482425647,0.0003312787827604388,8.987283451787408e-05
dontos,0.00031382773271533413,0.00022396312073945157,8.986461197588256e-05
let,0.00143636539204326,0.0015257487600375138,8.938336799425373e-05
cleos,0.0002655465430668212,0.00035460827450413163,8.906173143731044e-05
mine,0.00045263615295480883,0.0005412442084536746,8.860805549886581e-05
blew,0.00014484356894553882,0.00023329491743692872,8.84513484913899e-05
uncle,0.00071818269602163,0.0006298962770797075,8.828641894192252e-05
wrong,0.00028968713789107763,0.00037793776624782453,8.82506283567469e-05
falling,0.00022933565083043647,0.0003172810877142231,8.79454368837866e-05
castles,0.00012673812282734646,0.00021463132404197442,8.789320121462796e-05
needs,0.00016898416376979529,0.00025662440918062157,8.764024541082628e-05
ten,0.0004888470451911935,0.0004012672579915174,8.757978719967611e-05
heir,0.00040435496330629584,0.0003172810877142231,8.707387559207276e-05
pushed,0.00040435496330629584,0.0003172810877142231,8.707387559207276e-05
kept,0.00039831981460023173,0.00048525342826881174,8.693361366858001e-05
watch,0.0009957995365005793,0.0010824884169073493,8.668888040676997e-05
anyone,0.00031986288142139824,0.00023329491743692872,8.656796398446952e-05
spoke,0.00031986288142139824,0.000405933156340256,8.607027491885775e-05
alliser,0.00011466782541521824,0.0002006336289957587,8.596580358054046e-05
lips,0.00045867130166087294,0.00037327186789908593,8.539943376178701e-05
steal,0.00012070297412128235,0.00020529952734449727,8.459655322321492e-05
bride,0.00012070297412128235,0.00020529952734449727,8.459655322321492e-05
bone,0.00012070297412128235,0.00020529952734449727,8.459655322321492e-05
screamed,0.0002474410969486288,0.0003312787827604388,8.383768581180997e-05
care,0.00041039011201236,0.00032661288441170023,8.377722760065978e-05
bit,0.00028968713789107763,0.00037327186789908593,8.35847300080083e-05
sometimes,0.00043453070683661645,0.0005179147167099818,8.338400987336535e-05
bring,0.0006759366550791811,0.0005925690902897989,8.336756478938224e-05
flames,0.0004767767477790653,0.000559907801848629,8.313105406956367e-05
part,0.0007362881421398224,0.0006532257688234005,8.30623733164219e-05
stars,0.0002836519891850135,0.0002006336289957587,8.301836018925483e-05
people,0.0005914445731942835,0.0005085829200125046,8.286165318177889e-05
walk,0.0002534762456546929,0.0003359446811091774,8.246843545448447e-05
every,0.0015087871765160294,0.0015910713369198539,8.228416040382451e-05
running,0.00029572228659714174,0.00037793776624782453,8.221547965068279e-05
twice,0.00019312475859405175,0.00027528800257557587,8.216324398152412e-05
meant,0.0005431633835457706,0.000625230378730969,8.206699518519835e-05
right,0.0009957995365005793,0.0010778225185586107,8.202298205803142e-05
torch,0.00021726535341830822,0.0002986174943192688,8.135214090096055e-05
brought,0.0008932020084974893,0.000811866312680512,8.133569581697737e-05
body,0.00029572228659714174,0.00021463132404197442,8.109096255516732e-05
bastard,0.0006517960602549247,0.0007325460407519562,8.074998049703152e-05
hurt,0.00045867130166087294,0.00037793776624782453,8.073353541304841e-05
without,0.0007242178447276941,0.0006438939721259233,8.032387260177088e-05
bound,0.00012070297412128235,0.0002006336289957587,7.993065487447634e-05
sail,0.0002655465430668212,0.0003452764778066545,7.972993473983329e-05
means,0.00028968713789107763,0.00020996542569323584,7.972171219784179e-05
wound,0.00016294901506373117,0.00024262671413440587,7.96776990706747e-05
fine,0.0002474410969486288,0.00032661288441170023,7.917178746307143e-05
shoved,0.00014484356894553882,0.00022396312073945157,7.911955179391275e-05
eyed,0.00014484356894553882,0.00022396312073945157,7.911955179391275e-05
royal,0.00014484356894553882,0.00022396312073945157,7.911955179391275e-05
reach,0.00028968713789107763,0.0003686059695503474,7.891883165926975e-05
later,0.00033193317883352646,0.00041059905468899453,7.866587585546807e-05
painted,0.00012673812282734646,0.00020529952734449727,7.856140451715081e-05
mormont,0.0007362881421398224,0.000657891667172139,7.839647496768335e-05
name,0.0011466782541521823,0.0010684907218611334,7.818753229104887e-05
swear,0.0003440034762456547,0.0002659562058780987,7.804727036755596e-05
crow,0.0002534762456546929,0.0003312787827604388,7.780253710574586e-05
raven,0.00040435496330629584,0.00032661288441170023,7.774207889459561e-05
put,0.0010561510235612206,0.0011338132987434735,7.76622751822529e-05
fallen,0.00033796832753959057,0.00026129030752936017,7.66780200102304e-05
used,0.00040435496330629584,0.00048058752992007314,7.62325666137773e-05
hide,0.00019915990730011587,0.00027528800257557587,7.612809527546001e-05
bread,0.0003560737736577829,0.0002799539009243145,7.611987273346843e-05
hear,0.0013216975666280417,0.0012457948591131994,7.590270751484237e-05
closer,0.0002414059482425647,0.0003172810877142231,7.587513947165839e-05
touched,0.0002414059482425647,0.0003172810877142231,7.587513947165839e-05
remained,0.00032589803012746235,0.0004012672579915174,7.536922786405503e-05
break,0.00022330050212437233,0.0002986174943192688,7.531699219489644e-05
roof,0.00022330050212437233,0.0002986174943192688,7.531699219489644e-05
glanced,0.00033193317883352646,0.00025662440918062157,7.530876965290489e-05
smallwood,0.00016294901506373117,0.0002379608157856673,7.501180072193612e-05
direwolf,0.0003922846658941676,0.0003172810877142231,7.500357817994454e-05
arms,0.0008026747779065276,0.0007278801424032176,7.479463550331001e-05
win,0.00020519505600618,0.0002799539009243145,7.475884491813447e-05
sons,0.0005974797219003476,0.0006718893622183548,7.440964031800717e-05
tourney,0.00018708960988798764,0.00026129030752936017,7.420069764137253e-05
sing,0.00018708960988798764,0.00026129030752936017,7.420069764137253e-05
ser,0.006928350714561607,0.0068542046742969655,7.414604026464121e-05
lay,0.00047074159907300117,0.00039660135964277883,7.414023943022233e-05
riding,0.00032589803012746235,0.000251958510831883,7.393951929557933e-05
sick,0.00012673812282734646,0.0002006336289957587,7.389550616841223e-05
within,0.00040435496330629584,0.0003312787827604388,7.307618054585706e-05
nodded,0.0002776168404789494,0.00020529952734449727,7.231731313445214e-05
edge,0.0001750193124758594,0.0002472926124831444,7.227330000728502e-05
mind,0.0003802143684820394,0.00030794929101674593,7.226507746529347e-05
ned,0.00044056585554268056,0.0003686059695503474,7.195988599233318e-05
laugh,0.00019915990730011587,0.0002706221042268373,7.146219692672146e-05
late,0.0003560737736577829,0.000284619799273053,7.145397438472988e-05
belly,0.0003440034762456547,0.00041526495303773314,7.126147679207846e-05
front,0.00031382773271533413,0.00024262671413440587,7.120101858092826e-05
strong,0.0007785341830822711,0.0008491934994704206,7.065931638814945e-05
sept,0.00028968713789107763,0.000219297222390713,7.038991550036464e-05
crown,0.0005129876400154499,0.0004432603431301646,6.972729688528535e-05
hall,0.00082078022402472,0.0007512096341469105,6.95705898778095e-05
tent,0.00018708960988798764,0.00025662440918062157,6.953479929263393e-05
things,0.0005733391270760912,0.000503917021663766,6.942210541232511e-05
high,0.0010863267670915412,0.0010171658400250092,6.916092706653202e-05
mace,0.00016898416376979529,0.0002379608157856673,6.897665201587201e-05
answer,0.0004888470451911935,0.0004199308513864717,6.891619380472181e-05
strength,0.00044660100424874467,0.00037793776624782453,6.866323800092014e-05
always,0.0011044322132097335,0.0010358294334199636,6.860277978976994e-05
skin,0.00045867130166087294,0.0005272465134074589,6.857521174658595e-05
slipped,0.00015087871765160293,0.000219297222390713,6.841850473911007e-05
served,0.00029572228659714174,0.0003639400712016088,6.821778460446704e-05
daughter,0.0007483584395519506,0.0008165322110292505,6.817377147729994e-05
answered,0.00031986288142139824,0.000251958510831883,6.790437058951522e-05
stranger,0.0001327732715334106,0.0002006336289957587,6.78603574623481e-05
us,0.0022933565083043646,0.0023609445644617185,6.758805615735388e-05
around,0.0015329277713402858,0.001600403133617331,6.747536227704517e-05
girls,0.0002414059482425647,0.00030794929101674593,6.654334277418123e-05
insisted,0.00018105446118192353,0.0002472926124831444,6.623815130122089e-05
years,0.0009294129007338741,0.0008631911945166362,6.622170621723789e-05
silver,0.0006397257628427965,0.0005739054968948447,6.582026594795177e-05
dance,0.00016294901506373117,0.00022862901908819014,6.568000402445897e-05
threw,0.0003500386249517188,0.000284619799273053,6.541882567866577e-05
known,0.00045263615295480883,0.0003872695629453017,6.536659000950715e-05
dogs,0.0003500386249517188,0.00041526495303773314,6.522632808601435e-05
murder,0.00014484356894553882,0.00020996542569323584,6.512185674769703e-05
gown,0.00014484356894553882,0.00020996542569323584,6.512185674769703e-05
songs,0.00014484356894553882,0.00020996542569323584,6.512185674769703e-05
oh,0.0005974797219003476,0.0006625575655208776,6.507784362052996e-05
outside,0.0005129876400154499,0.00044792624147890314,6.50613985365468e-05
fire,0.0014001544998068752,0.0014650920815039124,6.493758169703726e-05
chain,0.00032589803012746235,0.00026129030752936017,6.460772259810218e-05
fires,0.0002836519891850135,0.000219297222390713,6.435476679430053e-05
ride,0.0005914445731942835,0.0005272465134074589,6.419805978682459e-05
suddenly,0.0004164252607184241,0.00048058752992007314,6.416226920164902e-05
set,0.0006517960602549247,0.0005879031919410603,6.389286831386435e-05
whispered,0.00030175743530320585,0.0002379608157856673,6.379661951753856e-05
demanded,0.00015087871765160293,0.00021463132404197442,6.375260639037149e-05
spare,0.00015087871765160293,0.00021463132404197442,6.375260639037149e-05
hold,0.0006095500193124758,0.0005459101068024132,6.363991251006262e-05
realized,0.00029572228659714174,0.00035927417285287023,6.355188625572849e-05
clever,0.000259511394360757,0.00019596773064702012,6.354366371373691e-05
pull,0.00019312475859405175,0.00025662440918062157,6.349965058656982e-05
day,0.0016777713402858247,0.0016144008286635466,6.337051162227806e-05
pale,0.000669901506373117,0.0006065667853360146,6.333472103710238e-05
faces,0.00031986288142139824,0.00025662440918062157,6.323847224077667e-05
remember,0.0005854094244882194,0.0006485598704746618,6.315044598644243e-05
room,0.0005250579374275783,0.00046192393652511884,6.313400090245943e-05
clothes,0.0001750193124758594,0.0002379608157856673,6.29415033098079e-05
grew,0.0003802143684820394,0.0003172810877142231,6.293328076781632e-05
toward,0.0006276554654306683,0.000690552955613309,6.28974901826407e-05
went,0.0015329277713402858,0.0015957372352685924,6.280946392830662e-05
hidden,0.00015691386635766706,0.000219297222390713,6.238335603304593e-05
hope,0.0005069524913093858,0.000569239598546106,6.228710723672022e-05
boots,0.00019915990730011587,0.00026129030752936017,6.213040022924431e-05
neither,0.00031382773271533413,0.000251958510831883,6.18692218834511e-05
word,0.0007242178447276941,0.0006625575655208776,6.166027920681658e-05
surely,0.00018105446118192353,0.00024262671413440587,6.157225295248234e-05
often,0.0003741792197759753,0.0003126151893654845,6.156403041049081e-05
broken,0.0005793742757821553,0.0005179147167099818,6.145955907217347e-05
broke,0.00032589803012746235,0.0003872695629453017,6.137153281783933e-05
happened,0.00022330050212437233,0.000284619799273053,6.131929714868069e-05
fall,0.00043453070683661645,0.00037327186789908593,6.125883893753052e-05
table,0.0006397257628427965,0.0005785713952435833,6.115436759921323e-05
steps,0.0005129876400154499,0.0005739054968948447,6.0917856879394764e-05
onto,0.00030779258400926996,0.0003686059695503474,6.081338554107742e-05
stronger,0.00014484356894553882,0.00020529952734449727,6.045595839895845e-05
watched,0.0005129876400154499,0.00045259213982764174,6.03955001878082e-05
whole,0.0003681440710699112,0.00030794929101674593,6.019478005316525e-05
davos,0.001339803012746234,0.0013997695046215723,5.996649187533826e-05
tight,0.0002836519891850135,0.00022396312073945157,5.968886844556195e-05
unless,0.00016898416376979529,0.00022862901908819014,5.964485531839486e-05
joff,0.00031382773271533413,0.00037327186789908593,5.94441351837518e-05
warned,0.0002112302047122441,0.0002706221042268373,5.939189951459321e-05
joined,0.00015087871765160293,0.00020996542569323584,5.9086708041632916e-05
fast,0.00023537079953650058,0.0002939515959705302,5.858079643402959e-05
pray,0.00031986288142139824,0.00026129030752936017,5.8572573892038066e-05
large,0.0002776168404789494,0.000219297222390713,5.831961808823642e-05
sang,0.0001750193124758594,0.00023329491743692872,5.8275604961069324e-05
horn,0.00031986288142139824,0.00037793776624782453,5.8074884826426294e-05
wonder,0.00029572228659714174,0.0002379608157856673,5.776147081147445e-05
beat,0.00019915990730011587,0.00025662440918062157,5.7464501880505705e-05
highgarden,0.0002414059482425647,0.0002986174943192688,5.7211546076704083e-05
courage,0.0002715816917728853,0.00021463132404197442,5.695036773091088e-05
peace,0.0002715816917728853,0.00021463132404197442,5.695036773091088e-05
time,0.0025468327539590577,0.0026035712785961243,5.673852463706662e-05
true,0.000983729239088451,0.0009285137713989763,5.521546768947477e-05
gate,0.0006336906141367324,0.0005785713952435833,5.5119218893149116e-05
honor,0.000519022788721514,0.0005739054968948447,5.488270817333065e-05
murdered,0.00015087871765160293,0.00020529952734449727,5.442080969289434e-05
learn,0.000259511394360757,0.00020529952734449727,5.421186701625976e-05
anything,0.00036210892236384707,0.00030794929101674593,5.415963134710114e-05
led,0.0004224604094244882,0.0003686059695503474,5.3854439874140845e-05
days,0.0005854094244882194,0.0006392280737771847,5.381864928896533e-05
seen,0.0010199401313248358,0.0010731566202098722,5.321648888503643e-05
smiled,0.0006457609115488606,0.0005925690902897989,5.319182125906169e-05
run,0.00045867130166087294,0.000405933156340256,5.273814532061696e-05
past,0.0008690614136732329,0.0008165322110292505,5.2529202643982376e-05
eyes,0.0025347624565469295,0.0024822579215289216,5.2504535018007854e-05
telling,0.00018105446118192353,0.00023329491743692872,5.2240456255005186e-05
small,0.0010923619157976053,0.0010404953317687021,5.186658402890317e-05
light,0.0008449208188489765,0.0007932027192855577,5.1718099563418784e-05
roose,0.00016294901506373117,0.00021463132404197442,5.168230897824324e-05
sky,0.00041039011201236,0.00046192393652511884,5.153382451275883e-05
times,0.00045263615295480883,0.000503917021663766,5.128086870895721e-05
grabbed,0.0002655465430668212,0.00021463132404197442,5.091521902484677e-05
trust,0.0002655465430668212,0.00021463132404197442,5.091521902484677e-05
weak,0.00018708960988798764,0.0002379608157856673,5.087120589767965e-05
someone,0.0005371282348397065,0.0005879031919410603,5.077495710135386e-05
morning,0.0005733391270760912,0.0005225806150587203,5.075851201737081e-05
older,0.00032589803012746235,0.00027528800257557587,5.061002755188648e-05
tommen,0.0003440034762456547,0.0002939515959705302,5.005188027512451e-05
vargo,0.00015087871765160293,0.0002006336289957587,4.9754911344155765e-05
decided,0.00015087871765160293,0.0002006336289957587,4.9754911344155765e-05
better,0.0011647837002703746,0.0011151497053485194,4.963399492185529e-05
none,0.00039831981460023173,0.00044792624147890314,4.960642687867141e-05
come,0.0025830436461954424,0.002533582803365046,4.946084283039649e-05
names,0.0002776168404789494,0.00022862901908819014,4.8987821390759266e-05
catch,0.0001750193124758594,0.00022396312073945157,4.894380826359217e-05
sat,0.0007121475473155658,0.0007605414308443876,4.839388352882181e-05
saan,0.00015691386635766706,0.00020529952734449727,4.83856609868302e-05
long,0.002619254538431827,0.0025709099901549547,4.834454827687233e-05
neck,0.0005069524913093858,0.0005552419034998904,4.828941219050457e-05
needed,0.00030175743530320585,0.0003499423761553931,4.818494085218723e-05
promised,0.0003560737736577829,0.00030794929101674593,4.8124482641036974e-05
fight,0.0006336906141367324,0.0006812211589158319,4.753054477909949e-05
making,0.00033193317883352646,0.000284619799273053,4.731337956047344e-05
gold,0.0013760139049826187,0.0014230989963652653,4.7085091382646554e-05
slid,0.00028968713789107763,0.00024262671413440587,4.706042375667176e-05
companions,0.00016294901506373117,0.00020996542569323584,4.701641062950467e-05
stopped,0.00030779258400926996,0.00035460827450413163,4.6815690494861665e-05
whore,0.0002474410969486288,0.0002006336289957587,4.680746795287011e-05
flew,0.00020519505600618,0.000251958510831883,4.676345482570302e-05
village,0.0002474410969486288,0.0002939515959705302,4.651049902190137e-05
lord,0.009149285438393202,0.009103167678388958,4.61177600042436e-05
towers,0.00032589803012746235,0.0002799539009243145,4.5944129203147875e-05
eat,0.0003741792197759753,0.0004199308513864717,4.57516316104964e-05
leave,0.0008268153727307841,0.0008725229912141134,4.5707618483329304e-05
seems,0.0002836519891850135,0.0002379608157856673,4.5691173399346226e-05
grown,0.0002836519891850135,0.0002379608157856673,4.5691173399346226e-05
scarcely,0.00019312475859405175,0.0002379608157856673,4.483605719161554e-05
thin,0.00046470645036693705,0.0004199308513864717,4.477559898046537e-05
met,0.00023537079953650058,0.0002799539009243145,4.458310138781389e-05
crows,0.00031986288142139824,0.00027528800257557587,4.457487884582237e-05
pyke,0.00031986288142139824,0.00027528800257557587,4.457487884582237e-05
imp,0.0002776168404789494,0.0003219469860629616,4.4330145584012216e-05
feared,0.0001750193124758594,0.000219297222390713,4.42779099148536e-05
master,0.00031986288142139824,0.0003639400712016088,4.407718978021054e-05
either,0.00036210892236384707,0.000405933156340256,4.382423397640892e-05
dawn,0.00029572228659714174,0.000251958510831883,4.376377576525872e-05
tall,0.0005793742757821553,0.0005365783101049361,4.2795965677219164e-05
narrow,0.00028968713789107763,0.0002472926124831444,4.239452540793321e-05
dreamed,0.0002474410969486288,0.00020529952734449727,4.214156960413154e-05
rise,0.0002474410969486288,0.00020529952734449727,4.214156960413154e-05
tarly,0.00020519505600618,0.0002472926124831444,4.2097556476964416e-05
knows,0.0002474410969486288,0.0002892856976217916,4.184460067316282e-05
sense,0.0002655465430668212,0.00022396312073945157,4.158342232736962e-05
follow,0.00018708960988798764,0.00022862901908819014,4.15394092002025e-05
mean,0.0007845693317883352,0.0008258640077267276,4.129467593839238e-05
thank,0.0002836519891850135,0.00024262671413440587,4.102527505060765e-05
janos,0.0002836519891850135,0.00024262671413440587,4.102527505060765e-05
lead,0.00016898416376979529,0.00020996542569323584,4.098126192344056e-05
torches,0.0002414059482425647,0.0002006336289957587,4.0772319246806e-05
likely,0.0002414059482425647,0.0002006336289957587,4.0772319246806e-05
comes,0.0002414059482425647,0.0002006336289957587,4.0772319246806e-05
daughters,0.0002112302047122441,0.000251958510831883,4.072830611963891e-05
along,0.0008087099266125917,0.0008491934994704206,4.0483572857828894e-05
many,0.0012613460795674006,0.0013017856392980622,4.043955973066153e-05
somehow,0.000259511394360757,0.000219297222390713,4.021417197004403e-05
best,0.0007483584395519506,0.0007885368209368191,4.0178381384868545e-05
go,0.0020459154113557356,0.002006336289957587,3.957912139814857e-05
soft,0.0005250579374275783,0.0005645737001973675,3.951576276978923e-05
learned,0.00021726535341830822,0.00025662440918062157,3.9359055762313346e-05
dying,0.00021726535341830822,0.00025662440918062157,3.9359055762313346e-05
blood,0.0016536307454615682,0.0016144008286635466,3.9229916798021614e-05
drank,0.00019915990730011587,0.0002379608157856673,3.880090848555143e-05
wine,0.0012191000386249516,0.0011804722822308592,3.862775639409239e-05
forget,0.00018105446118192353,0.000219297222390713,3.824276120878946e-05
shoulders,0.0003741792197759753,0.0003359446811091774,3.823453866679791e-05
sorry,0.00022330050212437233,0.00026129030752936017,3.798980540498784e-05
dothraki,0.00022330050212437233,0.00026129030752936017,3.798980540498784e-05
recall,0.00016294901506373117,0.0002006336289957587,3.768461393202752e-05
ravens,0.0002474410969486288,0.00020996542569323584,3.747567125539296e-05
dressed,0.00020519505600618,0.00024262671413440587,3.743165812822587e-05
agreed,0.0002474410969486288,0.000284619799273053,3.717870232442422e-05
covered,0.0003681440710699112,0.0003312787827604388,3.68652883094724e-05
wait,0.00032589803012746235,0.0002892856976217916,3.6612332505670724e-05
woods,0.00016898416376979529,0.00020529952734449727,3.631536357470198e-05
meet,0.00016898416376979529,0.00020529952734449727,3.631536357470198e-05
targaryen,0.00016898416376979529,0.00020529952734449727,3.631536357470198e-05
ground,0.0005914445731942835,0.0005552419034998904,3.6202669694393084e-05
laughter,0.0002414059482425647,0.00020529952734449727,3.6106420898067426e-05
move,0.0002112302047122441,0.0002472926124831444,3.6062407770900306e-05
blind,0.0002112302047122441,0.0002472926124831444,3.6062407770900306e-05
pretty,0.000259511394360757,0.00022396312073945157,3.5548273621305456e-05
swore,0.00019312475859405175,0.00022862901908819014,3.550426049413839e-05
flowers,0.00019312475859405175,0.00022862901908819014,3.550426049413839e-05
teeth,0.000567303978370027,0.0005319124117561974,3.53915666138296e-05
lion,0.00031986288142139824,0.000284619799273053,3.5243082148345216e-05
even,0.0031563827732715333,0.003191474470537185,3.509169726565158e-05
wounded,0.0001750193124758594,0.00020996542569323584,3.494611321737645e-05
wore,0.0004828118964851294,0.00044792624147890314,3.488565500622625e-05
spear,0.0004224604094244882,0.0004572580381763803,3.479762875189206e-05
everyone,0.00023537079953650058,0.0002006336289957587,3.473717054074189e-05
bow,0.00021726535341830822,0.000251958510831883,3.46931574135748e-05
angry,0.00033796832753959057,0.0003032833926680073,3.4684934871583245e-05
pass,0.00029572228659714174,0.00026129030752936017,3.443197906778157e-05
live,0.00029572228659714174,0.00026129030752936017,3.443197906778157e-05
remembered,0.0006095500193124758,0.0006438939721259233,3.434395281344744e-05
like,0.0037297219003476247,0.0036953914922009507,3.433040814667396e-05
alone,0.0005069524913093858,0.0005412442084536746,3.429171714428882e-05
tale,0.0002534762456546929,0.000219297222390713,3.417902326397992e-05
sound,0.0007966396292004635,0.0008305299060754663,3.389027687500281e-05
wings,0.0002414059482425647,0.00027528800257557587,3.388205433301118e-05
slowly,0.0002414059482425647,0.00027528800257557587,3.388205433301118e-05
left,0.0015812089609887987,0.0016144008286635466,3.319186767474793e-05
clean,0.0002474410969486288,0.00021463132404197442,3.2809772906654386e-05
lived,0.00020519505600618,0.0002379608157856673,3.276575977948729e-05
moving,0.00020519505600618,0.0002379608157856673,3.276575977948729e-05
ugly,0.00020519505600618,0.0002379608157856673,3.276575977948729e-05
show,0.0003500386249517188,0.0003826036645965631,3.256503964484429e-05
understand,0.0002474410969486288,0.0002799539009243145,3.251280397568567e-05
feet,0.0012553109308613365,0.0012877879442518465,3.2477013390509995e-05
climbed,0.00032589803012746235,0.0002939515959705302,3.1946434156932175e-05
need,0.00143636539204326,0.0014044354029703109,3.192998907294918e-05
quick,0.00031382773271533413,0.0003452764778066545,3.144874509132035e-05
naked,0.0002414059482425647,0.00020996542569323584,3.144052254932885e-05
heart,0.0007966396292004635,0.0007652073291931262,3.14323000073373e-05
sounded,0.0002112302047122441,0.00024262671413440587,3.139650942216176e-05
child,0.0007543935882580147,0.000723214244054479,3.1179344203535676e-05
hung,0.00030175743530320585,0.0002706221042268373,3.113533107636853e-05
serve,0.00040435496330629584,0.00037327186789908593,3.108309540720991e-05
knight,0.0013035921205098494,0.0013344469277392322,3.085480722938281e-05
fish,0.00031986288142139824,0.0002892856976217916,3.057718379960661e-05
inside,0.0006276554654306683,0.0005972349886385376,3.0420476792130703e-05
aside,0.0003802143684820394,0.00041059905468899453,3.0384686206955135e-05
aegon,0.0002776168404789494,0.00030794929101674593,3.0332450537796517e-05
stepped,0.0002776168404789494,0.00030794929101674593,3.0332450537796517e-05
bay,0.0001750193124758594,0.00020529952734449727,3.028021486863787e-05
sleep,0.0006457609115488606,0.0006158985820334919,2.9862329515368733e-05
softly,0.00019915990730011587,0.00022862901908819014,2.946911178807428e-05
frightened,0.00019915990730011587,0.00022862901908819014,2.946911178807428e-05
wind,0.0008690614136732329,0.0008398617027729434,2.9199710900289525e-05
kingdoms,0.0002836519891850135,0.0003126151893654845,2.8963200180470955e-05
drink,0.0002836519891850135,0.0003126151893654845,2.8963200180470955e-05
ago,0.0002715816917728853,0.00024262671413440587,2.895497763847943e-05
pointed,0.00032589803012746235,0.00035460827450413163,2.871024437666928e-05
arryn,0.00028968713789107763,0.00026129030752936017,2.839683036171746e-05
halfhand,0.00028968713789107763,0.00026129030752936017,2.839683036171746e-05
away,0.001955388180764774,0.0019270160180290313,2.8372162735742666e-05
moment,0.0007604287369640788,0.0007325460407519562,2.7882696212122582e-05
knee,0.0002474410969486288,0.00027528800257557587,2.784690562694707e-05
together,0.0006155851680185399,0.0005879031919410603,2.768197607747958e-05
offered,0.00028968713789107763,0.0003172810877142231,2.7593949823145447e-05
pleased,0.0002655465430668212,0.0002379608157856673,2.7585727281153894e-05
told,0.0026916763229045963,0.002664227957129726,2.7448365774870257e-05
west,0.00033193317883352646,0.00035927417285287023,2.734099401934377e-05
matter,0.0005310930861336424,0.000503917021663766,2.7176064469876336e-05
thought,0.0029451525685592894,0.002972177248146472,2.7024679587182594e-05
world,0.0005009173426033217,0.0005272465134074589,2.6329170804137176e-05
sure,0.00039831981460023173,0.0004245967497352103,2.6276935134978557e-05
opened,0.00044056585554268056,0.00046658983487385744,2.602397933117688e-05
steward,0.0001750193124758594,0.0002006336289957587,2.5614316519899296e-05
cloak,0.001080291618385477,0.001105817908651042,2.5526290265564947e-05
war,0.0006880069524913094,0.0006625575655208776,2.5449386970431806e-05
woke,0.00021726535341830822,0.00024262671413440587,2.5361360716097647e-05
tried,0.0007543935882580147,0.0007792050242393419,2.481143598132723e-05
chains,0.00019915990730011587,0.00022396312073945157,2.4803213439335704e-05
growing,0.00019915990730011587,0.00022396312073945157,2.4803213439335704e-05
women,0.0005612688296639629,0.0005365783101049361,2.4690519559026833e-05
sight,0.0004164252607184241,0.00039193546129404023,2.4489799424383884e-05
foot,0.000519022788721514,0.0004945852249662888,2.443756375522521e-05
stay,0.0003741792197759753,0.0003499423761553931,2.4236843620582208e-05
sad,0.00022933565083043647,0.00020529952734449727,2.4036123485939205e-05
rivers,0.00022933565083043647,0.00020529952734449727,2.4036123485939205e-05
life,0.0006397257628427965,0.0006158985820334919,2.3827180809304622e-05
closed,0.0004948821938972576,0.000471255733222596,2.362646067466162e-05
justice,0.00018708960988798764,0.00020996542569323584,2.28758158052482e-05
whether,0.00022330050212437233,0.0002006336289957587,2.2666873128613643e-05
ear,0.00022933565083043647,0.000251958510831883,2.262286000144655e-05
throat,0.0006336906141367324,0.0006112326836847532,2.245793045197917e-05
east,0.0002715816917728853,0.0002939515959705302,2.2369904197644874e-05
beautiful,0.0002836519891850135,0.00026129030752936017,2.236168165565335e-05
fierce,0.00019312475859405175,0.00021463132404197442,2.1506565447922663e-05
lake,0.00019312475859405175,0.00021463132404197442,2.1506565447922663e-05
inn,0.00019312475859405175,0.00021463132404197442,2.1506565447922663e-05
breeches,0.00019312475859405175,0.00021463132404197442,2.1506565447922663e-05
kicked,0.00019312475859405175,0.00021463132404197442,2.1506565447922663e-05
year,0.00036210892236384707,0.00034061057945791593,2.1498342905931138e-05
leather,0.00044056585554268056,0.00046192393652511884,2.135808098243828e-05
maid,0.00033796832753959057,0.00035927417285287023,2.130584531327966e-05
drew,0.0003802143684820394,0.0004012672579915174,2.1052889509477985e-05
friend,0.0003802143684820394,0.00035927417285287023,2.0940195629169168e-05
younger,0.00021726535341830822,0.0002379608157856673,2.069546236735907e-05
four,0.000567303978370027,0.0005879031919410603,2.0599213571033306e-05
last,0.0012009945925067593,0.0011804722822308592,2.0522310275900056e-05
hodor,0.0008509559675550406,0.0008305299060754663,2.042606147957429e-05
ask,0.0005009173426033217,0.00048058752992007314,2.032981268324858e-05
sudden,0.00019915990730011587,0.000219297222390713,2.013731509059713e-05
tree,0.00042849555813055234,0.00044792624147890314,1.94306833483508e-05
face,0.0022390401699497876,0.00225829480078947,1.9254630839682374e-05
sort,0.0002655465430668212,0.000284619799273053,1.9073256206231833e-05
point,0.0003500386249517188,0.0003312787827604388,1.8759842191280014e-05
gone,0.0011104673619157976,0.0010918202136048264,1.864714831097125e-05
slynt,0.00030779258400926996,0.0002892856976217916,1.8506886387478338e-05
leaned,0.00018708960988798764,0.00020529952734449727,1.8209917456509623e-05
given,0.0005733391270760912,0.0005552419034998904,1.8097223576200752e-05
saw,0.0019976342217072228,0.002015668086655064,1.8033864947841413e-05
wild,0.00022330050212437233,0.00020529952734449727,1.8000974779875067e-05
bad,0.00042849555813055234,0.00041059905468899453,1.7896503441557803e-05
else,0.0005793742757821553,0.0005972349886385376,1.786071285638229e-05
full,0.0005612688296639629,0.0005785713952435833,1.730256557962032e-05
red,0.002317497103128621,0.002300287885928117,1.720921720050391e-05
sharp,0.0003560737736577829,0.00037327186789908593,1.7198094241303028e-05
round,0.0003560737736577829,0.00037327186789908593,1.7198094241303028e-05
dragonstone,0.00030175743530320585,0.000284619799273053,1.713763603015283e-05
turn,0.0005009173426033217,0.0005179147167099818,1.699737410666008e-05
feel,0.0006095500193124758,0.0005925690902897989,1.698092902267692e-05
next,0.0006095500193124758,0.0005925690902897989,1.698092902267692e-05
swung,0.00019312475859405175,0.00020996542569323584,1.6840667099184088e-05
birds,0.00019312475859405175,0.00020996542569323584,1.6840667099184088e-05
wooden,0.00036210892236384707,0.0003452764778066545,1.683244455719259e-05
lot,0.00021726535341830822,0.0002006336289957587,1.6631724422549532e-05
shout,0.00023537079953650058,0.000219297222390713,1.607357714578759e-05
ale,0.00021726535341830822,0.00023329491743692872,1.6029564018620496e-05
stop,0.00036210892236384707,0.00037793776624782453,1.5828843883977466e-05
hoped,0.00019915990730011587,0.00021463132404197442,1.5471416741858553e-05
camp,0.0003560737736577829,0.00034061057945791593,1.5463194199866973e-05
waited,0.0002414059482425647,0.00025662440918062157,1.5218460938056877e-05
voice,0.0009414831981460023,0.0009565091614914077,1.50259633454054e-05
fighting,0.0003862495171881035,0.0004012672579915174,1.5017740803413874e-05
land,0.00022933565083043647,0.00021463132404197442,1.4704326788462054e-05
atop,0.0002655465430668212,0.0002799539009243145,1.4407357857493285e-05
mounted,0.0002474410969486288,0.00026129030752936017,1.3849210580731369e-05
whatever,0.0002474410969486288,0.00026129030752936017,1.3849210580731369e-05
morrow,0.00018708960988798764,0.0002006336289957587,1.3544019107771048e-05
shall,0.0009897643877945152,0.0010031681449787935,1.3403757184278324e-05
dog,0.00033193317883352646,0.0003452764778066545,1.3343298973128017e-05
poor,0.00033193317883352646,0.0003452764778066545,1.3343298973128017e-05
milk,0.00022330050212437233,0.00020996542569323584,1.3335076431136492e-05
cousin,0.00022933565083043647,0.00024262671413440587,1.3291063303969399e-05
climb,0.00022933565083043647,0.00024262671413440587,1.3291063303969399e-05
low,0.00032589803012746235,0.0003126151893654845,1.3282840761977873e-05
throne,0.0004767767477790653,0.0004899193266175503,1.3142578838485014e-05
new,0.0007242178447276941,0.0007372119391006948,1.299409437300063e-05
flesh,0.00031382773271533413,0.00032661288441170023,1.2785151696366101e-05
burn,0.0002414059482425647,0.00022862901908819014,1.2776929154374549e-05
claim,0.0002112302047122441,0.00022396312073945157,1.2732916027207456e-05
knees,0.00030175743530320585,0.0002892856976217916,1.2471737681414227e-05
behind,0.0014122247972190034,0.0013997695046215723,1.2455292597431068e-05
septon,0.00036210892236384707,0.0003499423761553931,1.2166546208453987e-05
question,0.00023537079953650058,0.0002472926124831444,1.1921812946643837e-05
dry,0.00021726535341830822,0.00022862901908819014,1.136366566988192e-05
speak,0.0006095500193124758,0.0006205644803822304,1.1014461069754587e-05
silence,0.0002534762456546929,0.00024262671413440587,1.0849531520287043e-05
rolled,0.00019915990730011587,0.00020996542569323584,1.0805518393119977e-05
armor,0.00045867130166087294,0.00044792624147890314,1.0745060181969806e-05
perhaps,0.0010139049826187717,0.0010031681449787935,1.0736837639978118e-05
hungry,0.0002112302047122441,0.0002006336289957587,1.0596575716485422e-05
weight,0.0002112302047122441,0.0002006336289957587,1.0596575716485422e-05
redwyne,0.0002112302047122441,0.0002006336289957587,1.0596575716485422e-05
mail,0.0002414059482425647,0.000251958510831883,1.0552562589318329e-05
give,0.0011466782541521823,0.0011571427904871665,1.0464536334984197e-05
castle,0.001599314407106991,0.001609734930314808,1.042052320781705e-05
easy,0.0002715816917728853,0.00026129030752936017,1.0291384243525127e-05
far,0.0008268153727307841,0.0008165322110292505,1.0283161701533602e-05
offer,0.00022933565083043647,0.000219297222390713,1.0038428439723479e-05
read,0.00022933565083043647,0.000219297222390713,1.0038428439723479e-05
already,0.00022330050212437233,0.00023329491743692872,9.994415312556385e-06
started,0.0002655465430668212,0.00027528800257557587,9.741459508754683e-06
quiet,0.00030779258400926996,0.0003172810877142231,9.488503704953115e-06
makes,0.0002474410969486288,0.0002379608157856673,9.480281162961508e-06
thousand,0.0006578312089609888,0.0006485598704746618,9.271338486327007e-06
finger,0.0002474410969486288,0.00025662440918062157,9.183312231992766e-06
whose,0.00030779258400926996,0.0002986174943192688,9.175089690001187e-06
returned,0.0003922846658941676,0.0004012672579915174,8.982592097349763e-06
gendry,0.0005793742757821553,0.0005879031919410603,8.528916158905085e-06
crossed,0.0002414059482425647,0.00023329491743692872,8.111030805635973e-06
count,0.0002112302047122441,0.000219297222390713,8.06701767846888e-06
food,0.00044660100424874467,0.000438594444781426,8.006559467318682e-06
worse,0.00029572228659714174,0.0003032833926680073,7.561106070865583e-06
forth,0.00019312475859405175,0.0002006336289957587,7.508870401706937e-06
afterward,0.00019312475859405175,0.0002006336289957587,7.508870401706937e-06
held,0.0005431633835457706,0.0005505760051511517,7.412621605381144e-06
finally,0.0003802143684820394,0.00037327186789908593,6.942500582953468e-06
got,0.0007906044804943993,0.0007838709225880805,6.733557906318886e-06
longer,0.00036210892236384707,0.0003686059695503474,6.497047186500315e-06
court,0.00019915990730011587,0.00020529952734449727,6.139620044381402e-06
wool,0.0002112302047122441,0.00020529952734449727,5.930677367746846e-06
silk,0.00031382773271533413,0.00030794929101674593,5.878441698588201e-06
laughed,0.0006940421011973735,0.0006998847523107862,5.842651113412687e-06
slow,0.0002715816917728853,0.0002659562058780987,5.625485894786579e-06
quite,0.00022933565083043647,0.00022396312073945157,5.372530090984903e-06
eye,0.00043453070683661645,0.00042926264808394884,5.268058752667612e-06
waiting,0.0003922846658941676,0.0003872695629453017,5.015102948865936e-06
felt,0.0008630262649671688,0.0008678570928653749,4.830827898206092e-06
forgotten,0.00030779258400926996,0.0003126151893654845,4.8226053562145125e-06
tower,0.0008026747779065276,0.0007978686176342962,4.806160272231353e-06
eunuch,0.0003500386249517188,0.0003452764778066545,4.762147145064314e-06
quickly,0.00020519505600618,0.0002006336289957587,4.561427010421311e-06
since,0.0005129876400154499,0.0005085829200125046,4.404720002945347e-06
air,0.0006155851680185399,0.0006112326836847532,4.3524843337867285e-06
meat,0.0002655465430668212,0.00026129030752936017,4.256235537461017e-06
looking,0.0003681440710699112,0.0003639400712016088,4.203999868302398e-06
darkness,0.00033193317883352646,0.0003359446811091774,4.011502275650921e-06
blade,0.00042849555813055234,0.0004245967497352103,3.89880839534205e-06
smile,0.0006216203167246041,0.000625230378730969,3.610062006364806e-06
moved,0.0005914445731942835,0.0005879031919410603,3.5413812532231366e-06
harm,0.0002112302047122441,0.00021463132404197442,3.4011193297303047e-06
shouting,0.0002534762456546929,0.00025662440918062157,3.148163525928656e-06
wide,0.00029572228659714174,0.0002986174943192688,2.8952077221270343e-06
craster,0.00044056585554268056,0.0004432603431301646,2.6944875874840312e-06
shook,0.00033796832753959057,0.00034061057945791593,2.6422519183253584e-06
thinking,0.00023537079953650058,0.0002379608157856673,2.5900162491667128e-06
apart,0.00023537079953650058,0.0002379608157856673,2.5900162491667128e-06
saddle,0.00031986288142139824,0.0003172810877142231,2.58179370717516e-06
helped,0.00023537079953650058,0.00023329491743692872,2.0758820995718627e-06
squire,0.000567303978370027,0.000569239598546106,1.9356201760790037e-06
coin,0.000259511394360757,0.00026129030752936017,1.778913168603148e-06
shouted,0.0005009173426033217,0.0004992511233150275,1.6662192882942227e-06
place,0.0010561510235612206,0.0010544930268149178,1.65799674630286e-06
fur,0.0002112302047122441,0.00020996542569323584,1.2647790190082708e-06
taking,0.0002414059482425647,0.00024262671413440587,1.2207658918411777e-06
alive,0.0002414059482425647,0.00024262671413440587,1.2207658918411777e-06
leaves,0.00031382773271533413,0.0003126151893654845,1.2125433498496522e-06
drunk,0.0002715816917728853,0.0002706221042268373,9.595875460479764e-07
pain,0.0002715816917728853,0.0002706221042268373,9.595875460479764e-07
sooner,0.00032589803012746235,0.00032661288441170023,7.148542842378802e-07
play,0.00022933565083043647,0.00022862901908819014,7.066317422463277e-07
thing,0.0007785341830822711,0.0007792050242393419,6.708411570707871e-07
save,0.00028968713789107763,0.0002892856976217916,4.014402692860061e-07
landing,0.00071818269602163,0.0007185483457057405,3.6564968411043845e-07
breath,0.0003922846658941676,0.00039193546129404023,3.4920460012738755e-07
grey,0.0010501158748551565,0.0010498271284661792,2.8874638897729774e-07
lives,0.00020519505600618,0.00020529952734449727,1.0447133831726426e-07
